{
  "timestamp": "2026-04-22T20:05:32.709494",
  "portfolio": {
    "CRWD": 0.10077519816504232,
    "GS": 0.10077519816513945,
    "CRM": 0.10077519816522712,
    "NOW": 0.10077519816522712,
    "MSFT": 0.05426356791918622,
    "LLY": 0.07751938284747942,
    "META": 0.07751937822835828,
    "MA": 0.07751937858137282,
    "V": 0.07751937511651513,
    "AMZN": 0.07751937430830233,
    "COST": 0.07751937813834024,
    "JPM": 0.07751937219980952
  },
  "changes": {
    "added": [
      "CRWD",
      "CRM",
      "MSFT"
    ],
    "dropped": [
      "PLTR",
      "AAPL",
      "AVGO",
      "AMD"
    ],
    "turnover": 0.307692307692305
  },
  "metrics": {
    "expected_return": 0.1816197376730685,
    "risk_score": 0.16929771748313355,
    "risk_adjusted_return": 1.0664836872582057
  }
}