{
  "timestamp": "2026-04-23T08:33:09.851154",
  "portfolio": {
    "AVGO": 0.10369775372859914,
    "V": 0.10369775372835256,
    "META": 0.08038585590672691,
    "DDOG": 0.10369774972523736,
    "CRWD": 0.10369775372859921,
    "CRM": 0.10369775372832737,
    "MSFT": 0.056270098040151276,
    "NOW": 0.10369775372846805,
    "LLY": 0.08038584673658218,
    "AMZN": 0.080385840381206,
    "MA": 0.08038584056775006
  },
  "changes": {
    "added": [
      "AVGO",
      "DDOG"
    ],
    "dropped": [
      "GS",
      "COST",
      "JPM"
    ],
    "turnover": 0.25581394850328937
  },
  "metrics": {
    "expected_return": 0.16256299022831003,
    "risk_score": 0.32581196208509805,
    "risk_adjusted_return": 0.49742056316157884
  }
}