{
  "timestamp": "2026-04-27T09:16:13.671426",
  "portfolio": {
    "AMD": 0.10063097189116342,
    "MSFT": 0.10063097189116349,
    "DDOG": 0.10063097189116353,
    "NET": 0.05290406152497513,
    "NOW": 0.10063097189116353,
    "AVGO": 0.1006309718911635,
    "CRWD": 0.10063097189116352,
    "V": 0.10063097189116353,
    "MA": 0.08089304694137305,
    "LLY": 0.08089304853190257,
    "AMZN": 0.0808930397636048
  },
  "changes": {
    "added": [
      "AMD",
      "NET"
    ],
    "dropped": [
      "META",
      "CRM"
    ],
    "turnover": 0.19941751481849296
  },
  "metrics": {
    "expected_return": 0.15270431395056322,
    "risk_score": 0.3212512821016338,
    "risk_adjusted_return": 0.4738672037382377
  }
}